run_id,extraction_id,zone_number,zone_name,source_line_number,unit_system,sample_index,day_of_year,day_type,sim_time_seconds,temperature_k,reference_pressure_pa,air_density_kg_m3
20260719T015113Z-d8c32843,20260719T015116Z-b74cc5d5,1,One,243,SI,0,1,,0,293.15,-1.4222,1.2041
20260719T015113Z-d8c32843,20260719T015116Z-b74cc5d5,1,One,243,SI,1,1,,300,293.15,-1.4222,1.2041
20260719T015113Z-d8c32843,20260719T015116Z-b74cc5d5,1,One,243,SI,2,1,,600,293.15,-1.4222,1.2041
20260719T015113Z-d8c32843,20260719T015116Z-b74cc5d5,1,One,243,SI,3,1,,900,293.15,-1.4222,1.2041
20260719T015113Z-d8c32843,20260719T015116Z-b74cc5d5,1,One,243,SI,4,1,,1200,293.15,-1.4222,1.2041
20260719T015113Z-d8c32843,20260719T015116Z-b74cc5d5,1,One,243,SI,5,1,,1500,293.15,-1.4222,1.2041
20260719T015113Z-d8c32843,20260719T015116Z-b74cc5d5,1,One,243,SI,6,1,,1800,293.15,-1.4222,1.2041
20260719T015113Z-d8c32843,20260719T015116Z-b74cc5d5,1,One,243,SI,7,1,,2100,293.15,-1.4222,1.2041
20260719T015113Z-d8c32843,20260719T015116Z-b74cc5d5,1,One,243,SI,8,1,,2400,293.15,-1.4222,1.2041
20260719T015113Z-d8c32843,20260719T015116Z-b74cc5d5,1,One,243,SI,9,1,,2700,293.15,-1.4222,1.2041
20260719T015113Z-d8c32843,20260719T015116Z-b74cc5d5,1,One,243,SI,10,1,,3000,293.15,-1.4222,1.2041
20260719T015113Z-d8c32843,20260719T015116Z-b74cc5d5,1,One,243,SI,11,1,,3300,293.15,-1.4222,1.2041
20260719T015113Z-d8c32843,20260719T015116Z-b74cc5d5,1,One,243,SI,12,1,,3600,293.15,-1.4222,1.2041
20260719T015113Z-d8c32843,20260719T015116Z-b74cc5d5,1,One,243,SI,13,1,,3900,293.15,-1.4222,1.2041
20260719T015113Z-d8c32843,20260719T015116Z-b74cc5d5,1,One,243,SI,14,1,,4200,293.15,-1.4222,1.2041
20260719T015113Z-d8c32843,20260719T015116Z-b74cc5d5,1,One,243,SI,15,1,,4500,293.15,-1.4222,1.2041
20260719T015113Z-d8c32843,20260719T015116Z-b74cc5d5,1,One,243,SI,16,1,,4800,293.15,-1.4222,1.2041
20260719T015113Z-d8c32843,20260719T015116Z-b74cc5d5,1,One,243,SI,17,1,,5100,293.15,-1.4222,1.2041
20260719T015113Z-d8c32843,20260719T015116Z-b74cc5d5,1,One,243,SI,18,1,,5400,293.15,-1.4222,1.2041
20260719T015113Z-d8c32843,20260719T015116Z-b74cc5d5,1,One,243,SI,19,1,,5700,293.15,-1.4222,1.2041
20260719T015113Z-d8c32843,20260719T015116Z-b74cc5d5,1,One,243,SI,20,1,,6000,293.15,-1.4222,1.2041
20260719T015113Z-d8c32843,20260719T015116Z-b74cc5d5,1,One,243,SI,21,1,,6300,293.15,-1.4222,1.2041
20260719T015113Z-d8c32843,20260719T015116Z-b74cc5d5,1,One,243,SI,22,1,,6600,293.15,-1.4222,1.2041
20260719T015113Z-d8c32843,20260719T015116Z-b74cc5d5,1,One,243,SI,23,1,,6900,293.15,-1.4222,1.2041
20260719T015113Z-d8c32843,20260719T015116Z-b74cc5d5,1,One,243,SI,24,1,,7200,293.15,-1.4222,1.2041
20260719T015113Z-d8c32843,20260719T015116Z-b74cc5d5,1,One,243,SI,25,1,,7500,293.15,-1.4222,1.2041
20260719T015113Z-d8c32843,20260719T015116Z-b74cc5d5,1,One,243,SI,26,1,,7800,293.15,-1.4222,1.2041
20260719T015113Z-d8c32843,20260719T015116Z-b74cc5d5,1,One,243,SI,27,1,,8100,293.15,-1.4222,1.2041
20260719T015113Z-d8c32843,20260719T015116Z-b74cc5d5,1,One,243,SI,28,1,,8400,293.15,-1.4222,1.2041
20260719T015113Z-d8c32843,20260719T015116Z-b74cc5d5,1,One,243,SI,29,1,,8700,293.15,-1.4222,1.2041
20260719T015113Z-d8c32843,20260719T015116Z-b74cc5d5,1,One,243,SI,30,1,,9000,293.15,-1.4222,1.2041
20260719T015113Z-d8c32843,20260719T015116Z-b74cc5d5,1,One,243,SI,31,1,,9300,293.15,-1.4222,1.2041
20260719T015113Z-d8c32843,20260719T015116Z-b74cc5d5,1,One,243,SI,32,1,,9600,293.15,-1.4222,1.2041
20260719T015113Z-d8c32843,20260719T015116Z-b74cc5d5,1,One,243,SI,33,1,,9900,293.15,-1.4222,1.2041
20260719T015113Z-d8c32843,20260719T015116Z-b74cc5d5,1,One,243,SI,34,1,,10200,293.15,-1.4222,1.2041
20260719T015113Z-d8c32843,20260719T015116Z-b74cc5d5,1,One,243,SI,35,1,,10500,293.15,-1.4222,1.2041
20260719T015113Z-d8c32843,20260719T015116Z-b74cc5d5,1,One,243,SI,36,1,,10800,293.15,-1.4222,1.2041
20260719T015113Z-d8c32843,20260719T015116Z-b74cc5d5,1,One,243,SI,37,1,,11100,293.15,-1.4222,1.2041
20260719T015113Z-d8c32843,20260719T015116Z-b74cc5d5,1,One,243,SI,38,1,,11400,293.15,-1.4222,1.2041
20260719T015113Z-d8c32843,20260719T015116Z-b74cc5d5,1,One,243,SI,39,1,,11700,293.15,-1.4222,1.2041
20260719T015113Z-d8c32843,20260719T015116Z-b74cc5d5,1,One,243,SI,40,1,,12000,293.15,-1.4222,1.2041
20260719T015113Z-d8c32843,20260719T015116Z-b74cc5d5,1,One,243,SI,41,1,,12300,293.15,-1.4222,1.2041
20260719T015113Z-d8c32843,20260719T015116Z-b74cc5d5,1,One,243,SI,42,1,,12600,293.15,-1.4222,1.2041
20260719T015113Z-d8c32843,20260719T015116Z-b74cc5d5,1,One,243,SI,43,1,,12900,293.15,-1.4222,1.2041
20260719T015113Z-d8c32843,20260719T015116Z-b74cc5d5,1,One,243,SI,44,1,,13200,293.15,-1.4222,1.2041
20260719T015113Z-d8c32843,20260719T015116Z-b74cc5d5,1,One,243,SI,45,1,,13500,293.15,-1.4222,1.2041
20260719T015113Z-d8c32843,20260719T015116Z-b74cc5d5,1,One,243,SI,46,1,,13800,293.15,-1.4222,1.2041
20260719T015113Z-d8c32843,20260719T015116Z-b74cc5d5,1,One,243,SI,47,1,,14100,293.15,-1.4222,1.2041
20260719T015113Z-d8c32843,20260719T015116Z-b74cc5d5,1,One,243,SI,48,1,,14400,293.15,-1.4222,1.2041
20260719T015113Z-d8c32843,20260719T015116Z-b74cc5d5,1,One,243,SI,49,1,,14700,293.15,-1.4222,1.2041
20260719T015113Z-d8c32843,20260719T015116Z-b74cc5d5,1,One,243,SI,50,1,,15000,293.15,-1.4222,1.2041
20260719T015113Z-d8c32843,20260719T015116Z-b74cc5d5,1,One,243,SI,51,1,,15300,293.15,-1.4222,1.2041
20260719T015113Z-d8c32843,20260719T015116Z-b74cc5d5,1,One,243,SI,52,1,,15600,293.15,-1.4222,1.2041
20260719T015113Z-d8c32843,20260719T015116Z-b74cc5d5,1,One,243,SI,53,1,,15900,293.15,-1.4222,1.2041
20260719T015113Z-d8c32843,20260719T015116Z-b74cc5d5,1,One,243,SI,54,1,,16200,293.15,-1.4222,1.2041
20260719T015113Z-d8c32843,20260719T015116Z-b74cc5d5,1,One,243,SI,55,1,,16500,293.15,-1.4222,1.2041
20260719T015113Z-d8c32843,20260719T015116Z-b74cc5d5,1,One,243,SI,56,1,,16800,293.15,-1.4222,1.2041
20260719T015113Z-d8c32843,20260719T015116Z-b74cc5d5,1,One,243,SI,57,1,,17100,293.15,-1.4222,1.2041
20260719T015113Z-d8c32843,20260719T015116Z-b74cc5d5,1,One,243,SI,58,1,,17400,293.15,-1.4222,1.2041
20260719T015113Z-d8c32843,20260719T015116Z-b74cc5d5,1,One,243,SI,59,1,,17700,293.15,-1.4222,1.2041
20260719T015113Z-d8c32843,20260719T015116Z-b74cc5d5,1,One,243,SI,60,1,,18000,293.15,-1.4222,1.2041
20260719T015113Z-d8c32843,20260719T015116Z-b74cc5d5,1,One,243,SI,61,1,,18300,293.15,-1.4222,1.2041
20260719T015113Z-d8c32843,20260719T015116Z-b74cc5d5,1,One,243,SI,62,1,,18600,293.15,-1.4222,1.2041
20260719T015113Z-d8c32843,20260719T015116Z-b74cc5d5,1,One,243,SI,63,1,,18900,293.15,-1.4222,1.2041
20260719T015113Z-d8c32843,20260719T015116Z-b74cc5d5,1,One,243,SI,64,1,,19200,293.15,-1.4222,1.2041
20260719T015113Z-d8c32843,20260719T015116Z-b74cc5d5,1,One,243,SI,65,1,,19500,293.15,-1.4222,1.2041
20260719T015113Z-d8c32843,20260719T015116Z-b74cc5d5,1,One,243,SI,66,1,,19800,293.15,-1.4222,1.2041
20260719T015113Z-d8c32843,20260719T015116Z-b74cc5d5,1,One,243,SI,67,1,,20100,293.15,-1.4222,1.2041
20260719T015113Z-d8c32843,20260719T015116Z-b74cc5d5,1,One,243,SI,68,1,,20400,293.15,-1.4222,1.2041
20260719T015113Z-d8c32843,20260719T015116Z-b74cc5d5,1,One,243,SI,69,1,,20700,293.15,-1.4222,1.2041
20260719T015113Z-d8c32843,20260719T015116Z-b74cc5d5,1,One,243,SI,70,1,,21000,293.15,-1.4222,1.2041
20260719T015113Z-d8c32843,20260719T015116Z-b74cc5d5,1,One,243,SI,71,1,,21300,293.15,-1.4222,1.2041
20260719T015113Z-d8c32843,20260719T015116Z-b74cc5d5,1,One,243,SI,72,1,,21600,293.15,-1.4222,1.2041
20260719T015113Z-d8c32843,20260719T015116Z-b74cc5d5,1,One,243,SI,73,1,,21900,293.15,-1.4222,1.2041
20260719T015113Z-d8c32843,20260719T015116Z-b74cc5d5,1,One,243,SI,74,1,,22200,293.15,-1.4222,1.2041
20260719T015113Z-d8c32843,20260719T015116Z-b74cc5d5,1,One,243,SI,75,1,,22500,293.15,-1.4222,1.2041
20260719T015113Z-d8c32843,20260719T015116Z-b74cc5d5,1,One,243,SI,76,1,,22800,293.15,-1.4222,1.2041
20260719T015113Z-d8c32843,20260719T015116Z-b74cc5d5,1,One,243,SI,77,1,,23100,293.15,-1.4222,1.2041
20260719T015113Z-d8c32843,20260719T015116Z-b74cc5d5,1,One,243,SI,78,1,,23400,293.15,-1.4222,1.2041
20260719T015113Z-d8c32843,20260719T015116Z-b74cc5d5,1,One,243,SI,79,1,,23700,293.15,-1.4222,1.2041
20260719T015113Z-d8c32843,20260719T015116Z-b74cc5d5,1,One,243,SI,80,1,,24000,293.15,-1.4222,1.2041
20260719T015113Z-d8c32843,20260719T015116Z-b74cc5d5,1,One,243,SI,81,1,,24300,293.15,-1.4222,1.2041
20260719T015113Z-d8c32843,20260719T015116Z-b74cc5d5,1,One,243,SI,82,1,,24600,293.15,-1.4222,1.2041
20260719T015113Z-d8c32843,20260719T015116Z-b74cc5d5,1,One,243,SI,83,1,,24900,293.15,-1.4222,1.2041
20260719T015113Z-d8c32843,20260719T015116Z-b74cc5d5,1,One,243,SI,84,1,,25200,293.15,-1.4222,1.2041
20260719T015113Z-d8c32843,20260719T015116Z-b74cc5d5,1,One,243,SI,85,1,,25500,293.15,-1.4222,1.2041
20260719T015113Z-d8c32843,20260719T015116Z-b74cc5d5,1,One,243,SI,86,1,,25800,293.15,-1.4222,1.2041
20260719T015113Z-d8c32843,20260719T015116Z-b74cc5d5,1,One,243,SI,87,1,,26100,293.15,-1.4222,1.2041
20260719T015113Z-d8c32843,20260719T015116Z-b74cc5d5,1,One,243,SI,88,1,,26400,293.15,-1.4222,1.2041
20260719T015113Z-d8c32843,20260719T015116Z-b74cc5d5,1,One,243,SI,89,1,,26700,293.15,-1.4222,1.2041
20260719T015113Z-d8c32843,20260719T015116Z-b74cc5d5,1,One,243,SI,90,1,,27000,293.15,-1.4222,1.2041
20260719T015113Z-d8c32843,20260719T015116Z-b74cc5d5,1,One,243,SI,91,1,,27300,293.15,-1.4222,1.2041
20260719T015113Z-d8c32843,20260719T015116Z-b74cc5d5,1,One,243,SI,92,1,,27600,293.15,-1.4222,1.2041
20260719T015113Z-d8c32843,20260719T015116Z-b74cc5d5,1,One,243,SI,93,1,,27900,293.15,-1.4222,1.2041
20260719T015113Z-d8c32843,20260719T015116Z-b74cc5d5,1,One,243,SI,94,1,,28200,293.15,-1.4222,1.2041
20260719T015113Z-d8c32843,20260719T015116Z-b74cc5d5,1,One,243,SI,95,1,,28500,293.15,-1.4222,1.2041
20260719T015113Z-d8c32843,20260719T015116Z-b74cc5d5,1,One,243,SI,96,1,,28800,293.15,-1.4222,1.2041
20260719T015113Z-d8c32843,20260719T015116Z-b74cc5d5,1,One,243,SI,97,1,,29100,293.15,-1.4222,1.2041
20260719T015113Z-d8c32843,20260719T015116Z-b74cc5d5,1,One,243,SI,98,1,,29400,293.15,-1.4222,1.2041
20260719T015113Z-d8c32843,20260719T015116Z-b74cc5d5,1,One,243,SI,99,1,,29700,293.15,-1.4222,1.2041
20260719T015113Z-d8c32843,20260719T015116Z-b74cc5d5,1,One,243,SI,100,1,,30000,293.15,-1.4222,1.2041
20260719T015113Z-d8c32843,20260719T015116Z-b74cc5d5,1,One,243,SI,101,1,,30300,293.15,-1.4222,1.2041
20260719T015113Z-d8c32843,20260719T015116Z-b74cc5d5,1,One,243,SI,102,1,,30600,293.15,-1.4222,1.2041
20260719T015113Z-d8c32843,20260719T015116Z-b74cc5d5,1,One,243,SI,103,1,,30900,293.15,-1.4222,1.2041
20260719T015113Z-d8c32843,20260719T015116Z-b74cc5d5,1,One,243,SI,104,1,,31200,293.15,-1.4222,1.2041
20260719T015113Z-d8c32843,20260719T015116Z-b74cc5d5,1,One,243,SI,105,1,,31500,293.15,-1.4222,1.2041
20260719T015113Z-d8c32843,20260719T015116Z-b74cc5d5,1,One,243,SI,106,1,,31800,293.15,-1.4222,1.2041
20260719T015113Z-d8c32843,20260719T015116Z-b74cc5d5,1,One,243,SI,107,1,,32100,293.15,-1.4222,1.2041
20260719T015113Z-d8c32843,20260719T015116Z-b74cc5d5,1,One,243,SI,108,1,,32400,293.15,-1.4222,1.2041
20260719T015113Z-d8c32843,20260719T015116Z-b74cc5d5,1,One,243,SI,109,1,,32700,293.15,-1.4222,1.2041
20260719T015113Z-d8c32843,20260719T015116Z-b74cc5d5,1,One,243,SI,110,1,,33000,293.15,-1.4222,1.2041
20260719T015113Z-d8c32843,20260719T015116Z-b74cc5d5,1,One,243,SI,111,1,,33300,293.15,-1.4222,1.2041
20260719T015113Z-d8c32843,20260719T015116Z-b74cc5d5,1,One,243,SI,112,1,,33600,293.15,-1.4222,1.2041
20260719T015113Z-d8c32843,20260719T015116Z-b74cc5d5,1,One,243,SI,113,1,,33900,293.15,-1.4222,1.2041
20260719T015113Z-d8c32843,20260719T015116Z-b74cc5d5,1,One,243,SI,114,1,,34200,293.15,-1.4222,1.2041
20260719T015113Z-d8c32843,20260719T015116Z-b74cc5d5,1,One,243,SI,115,1,,34500,293.15,-1.4222,1.2041
20260719T015113Z-d8c32843,20260719T015116Z-b74cc5d5,1,One,243,SI,116,1,,34800,293.15,-1.4222,1.2041
20260719T015113Z-d8c32843,20260719T015116Z-b74cc5d5,1,One,243,SI,117,1,,35100,293.15,-1.4222,1.2041
20260719T015113Z-d8c32843,20260719T015116Z-b74cc5d5,1,One,243,SI,118,1,,35400,293.15,-1.4222,1.2041
20260719T015113Z-d8c32843,20260719T015116Z-b74cc5d5,1,One,243,SI,119,1,,35700,293.15,-1.4222,1.2041
20260719T015113Z-d8c32843,20260719T015116Z-b74cc5d5,1,One,243,SI,120,1,,36000,293.15,-1.4222,1.2041
20260719T015113Z-d8c32843,20260719T015116Z-b74cc5d5,1,One,243,SI,121,1,,36300,293.15,-1.4222,1.2041
20260719T015113Z-d8c32843,20260719T015116Z-b74cc5d5,1,One,243,SI,122,1,,36600,293.15,-1.4222,1.2041
20260719T015113Z-d8c32843,20260719T015116Z-b74cc5d5,1,One,243,SI,123,1,,36900,293.15,-1.4222,1.2041
20260719T015113Z-d8c32843,20260719T015116Z-b74cc5d5,1,One,243,SI,124,1,,37200,293.15,-1.4222,1.2041
20260719T015113Z-d8c32843,20260719T015116Z-b74cc5d5,1,One,243,SI,125,1,,37500,293.15,-1.4222,1.2041
20260719T015113Z-d8c32843,20260719T015116Z-b74cc5d5,1,One,243,SI,126,1,,37800,293.15,-1.4222,1.2041
20260719T015113Z-d8c32843,20260719T015116Z-b74cc5d5,1,One,243,SI,127,1,,38100,293.15,-1.4222,1.2041
20260719T015113Z-d8c32843,20260719T015116Z-b74cc5d5,1,One,243,SI,128,1,,38400,293.15,-1.4222,1.2041
20260719T015113Z-d8c32843,20260719T015116Z-b74cc5d5,1,One,243,SI,129,1,,38700,293.15,-1.4222,1.2041
20260719T015113Z-d8c32843,20260719T015116Z-b74cc5d5,1,One,243,SI,130,1,,39000,293.15,-1.4222,1.2041
20260719T015113Z-d8c32843,20260719T015116Z-b74cc5d5,1,One,243,SI,131,1,,39300,293.15,-1.4222,1.2041
20260719T015113Z-d8c32843,20260719T015116Z-b74cc5d5,1,One,243,SI,132,1,,39600,293.15,-1.4222,1.2041
20260719T015113Z-d8c32843,20260719T015116Z-b74cc5d5,1,One,243,SI,133,1,,39900,293.15,-1.4222,1.2041
20260719T015113Z-d8c32843,20260719T015116Z-b74cc5d5,1,One,243,SI,134,1,,40200,293.15,-1.4222,1.2041
20260719T015113Z-d8c32843,20260719T015116Z-b74cc5d5,1,One,243,SI,135,1,,40500,293.15,-1.4222,1.2041
20260719T015113Z-d8c32843,20260719T015116Z-b74cc5d5,1,One,243,SI,136,1,,40800,293.15,-1.4222,1.2041
20260719T015113Z-d8c32843,20260719T015116Z-b74cc5d5,1,One,243,SI,137,1,,41100,293.15,-1.4222,1.2041
20260719T015113Z-d8c32843,20260719T015116Z-b74cc5d5,1,One,243,SI,138,1,,41400,293.15,-1.4222,1.2041
20260719T015113Z-d8c32843,20260719T015116Z-b74cc5d5,1,One,243,SI,139,1,,41700,293.15,-1.4222,1.2041
20260719T015113Z-d8c32843,20260719T015116Z-b74cc5d5,1,One,243,SI,140,1,,42000,293.15,-1.4222,1.2041
20260719T015113Z-d8c32843,20260719T015116Z-b74cc5d5,1,One,243,SI,141,1,,42300,293.15,-1.4222,1.2041
20260719T015113Z-d8c32843,20260719T015116Z-b74cc5d5,1,One,243,SI,142,1,,42600,293.15,-1.4222,1.2041
20260719T015113Z-d8c32843,20260719T015116Z-b74cc5d5,1,One,243,SI,143,1,,42900,293.15,-1.4222,1.2041
20260719T015113Z-d8c32843,20260719T015116Z-b74cc5d5,1,One,243,SI,144,1,,43200,293.15,-1.4222,1.2041
20260719T015113Z-d8c32843,20260719T015116Z-b74cc5d5,1,One,243,SI,145,1,,43500,293.15,-1.4222,1.2041
20260719T015113Z-d8c32843,20260719T015116Z-b74cc5d5,1,One,243,SI,146,1,,43800,293.15,-1.4222,1.2041
20260719T015113Z-d8c32843,20260719T015116Z-b74cc5d5,1,One,243,SI,147,1,,44100,293.15,-1.4222,1.2041
20260719T015113Z-d8c32843,20260719T015116Z-b74cc5d5,1,One,243,SI,148,1,,44400,293.15,-1.4222,1.2041
20260719T015113Z-d8c32843,20260719T015116Z-b74cc5d5,1,One,243,SI,149,1,,44700,293.15,-1.4222,1.2041
20260719T015113Z-d8c32843,20260719T015116Z-b74cc5d5,1,One,243,SI,150,1,,45000,293.15,-1.4222,1.2041
20260719T015113Z-d8c32843,20260719T015116Z-b74cc5d5,1,One,243,SI,151,1,,45300,293.15,-1.4222,1.2041
20260719T015113Z-d8c32843,20260719T015116Z-b74cc5d5,1,One,243,SI,152,1,,45600,293.15,-1.4222,1.2041
20260719T015113Z-d8c32843,20260719T015116Z-b74cc5d5,1,One,243,SI,153,1,,45900,293.15,-1.4222,1.2041
20260719T015113Z-d8c32843,20260719T015116Z-b74cc5d5,1,One,243,SI,154,1,,46200,293.15,-1.4222,1.2041
20260719T015113Z-d8c32843,20260719T015116Z-b74cc5d5,1,One,243,SI,155,1,,46500,293.15,-1.4222,1.2041
20260719T015113Z-d8c32843,20260719T015116Z-b74cc5d5,1,One,243,SI,156,1,,46800,293.15,-1.4222,1.2041
20260719T015113Z-d8c32843,20260719T015116Z-b74cc5d5,1,One,243,SI,157,1,,47100,293.15,-1.4222,1.2041
20260719T015113Z-d8c32843,20260719T015116Z-b74cc5d5,1,One,243,SI,158,1,,47400,293.15,-1.4222,1.2041
20260719T015113Z-d8c32843,20260719T015116Z-b74cc5d5,1,One,243,SI,159,1,,47700,293.15,-1.4222,1.2041
20260719T015113Z-d8c32843,20260719T015116Z-b74cc5d5,1,One,243,SI,160,1,,48000,293.15,-1.4222,1.2041
20260719T015113Z-d8c32843,20260719T015116Z-b74cc5d5,1,One,243,SI,161,1,,48300,293.15,-1.4222,1.2041
20260719T015113Z-d8c32843,20260719T015116Z-b74cc5d5,1,One,243,SI,162,1,,48600,293.15,-1.4222,1.2041
20260719T015113Z-d8c32843,20260719T015116Z-b74cc5d5,1,One,243,SI,163,1,,48900,293.15,-1.4222,1.2041
20260719T015113Z-d8c32843,20260719T015116Z-b74cc5d5,1,One,243,SI,164,1,,49200,293.15,-1.4222,1.2041
20260719T015113Z-d8c32843,20260719T015116Z-b74cc5d5,1,One,243,SI,165,1,,49500,293.15,-1.4222,1.2041
20260719T015113Z-d8c32843,20260719T015116Z-b74cc5d5,1,One,243,SI,166,1,,49800,293.15,-1.4222,1.2041
20260719T015113Z-d8c32843,20260719T015116Z-b74cc5d5,1,One,243,SI,167,1,,50100,293.15,-1.4222,1.2041
20260719T015113Z-d8c32843,20260719T015116Z-b74cc5d5,1,One,243,SI,168,1,,50400,293.15,-1.4222,1.2041
20260719T015113Z-d8c32843,20260719T015116Z-b74cc5d5,1,One,243,SI,169,1,,50700,293.15,-1.4222,1.2041
20260719T015113Z-d8c32843,20260719T015116Z-b74cc5d5,1,One,243,SI,170,1,,51000,293.15,-1.4222,1.2041
20260719T015113Z-d8c32843,20260719T015116Z-b74cc5d5,1,One,243,SI,171,1,,51300,293.15,-1.4222,1.2041
20260719T015113Z-d8c32843,20260719T015116Z-b74cc5d5,1,One,243,SI,172,1,,51600,293.15,-1.4222,1.2041
20260719T015113Z-d8c32843,20260719T015116Z-b74cc5d5,1,One,243,SI,173,1,,51900,293.15,-1.4222,1.2041
20260719T015113Z-d8c32843,20260719T015116Z-b74cc5d5,1,One,243,SI,174,1,,52200,293.15,-1.4222,1.2041
20260719T015113Z-d8c32843,20260719T015116Z-b74cc5d5,1,One,243,SI,175,1,,52500,293.15,-1.4222,1.2041
20260719T015113Z-d8c32843,20260719T015116Z-b74cc5d5,1,One,243,SI,176,1,,52800,293.15,-1.4222,1.2041
20260719T015113Z-d8c32843,20260719T015116Z-b74cc5d5,1,One,243,SI,177,1,,53100,293.15,-1.4222,1.2041
20260719T015113Z-d8c32843,20260719T015116Z-b74cc5d5,1,One,243,SI,178,1,,53400,293.15,-1.4222,1.2041
20260719T015113Z-d8c32843,20260719T015116Z-b74cc5d5,1,One,243,SI,179,1,,53700,293.15,-1.4222,1.2041
20260719T015113Z-d8c32843,20260719T015116Z-b74cc5d5,1,One,243,SI,180,1,,54000,293.15,-1.4222,1.2041
20260719T015113Z-d8c32843,20260719T015116Z-b74cc5d5,1,One,243,SI,181,1,,54300,293.15,-1.4222,1.2041
20260719T015113Z-d8c32843,20260719T015116Z-b74cc5d5,1,One,243,SI,182,1,,54600,293.15,-1.4222,1.2041
20260719T015113Z-d8c32843,20260719T015116Z-b74cc5d5,1,One,243,SI,183,1,,54900,293.15,-1.4222,1.2041
20260719T015113Z-d8c32843,20260719T015116Z-b74cc5d5,1,One,243,SI,184,1,,55200,293.15,-1.4222,1.2041
20260719T015113Z-d8c32843,20260719T015116Z-b74cc5d5,1,One,243,SI,185,1,,55500,293.15,-1.4222,1.2041
20260719T015113Z-d8c32843,20260719T015116Z-b74cc5d5,1,One,243,SI,186,1,,55800,293.15,-1.4222,1.2041
20260719T015113Z-d8c32843,20260719T015116Z-b74cc5d5,1,One,243,SI,187,1,,56100,293.15,-1.4222,1.2041
20260719T015113Z-d8c32843,20260719T015116Z-b74cc5d5,1,One,243,SI,188,1,,56400,293.15,-1.4222,1.2041
20260719T015113Z-d8c32843,20260719T015116Z-b74cc5d5,1,One,243,SI,189,1,,56700,293.15,-1.4222,1.2041
20260719T015113Z-d8c32843,20260719T015116Z-b74cc5d5,1,One,243,SI,190,1,,57000,293.15,-1.4222,1.2041
20260719T015113Z-d8c32843,20260719T015116Z-b74cc5d5,1,One,243,SI,191,1,,57300,293.15,-1.4222,1.2041
20260719T015113Z-d8c32843,20260719T015116Z-b74cc5d5,1,One,243,SI,192,1,,57600,293.15,-1.4222,1.2041
20260719T015113Z-d8c32843,20260719T015116Z-b74cc5d5,1,One,243,SI,193,1,,57900,293.15,-1.4222,1.2041
20260719T015113Z-d8c32843,20260719T015116Z-b74cc5d5,1,One,243,SI,194,1,,58200,293.15,-1.4222,1.2041
20260719T015113Z-d8c32843,20260719T015116Z-b74cc5d5,1,One,243,SI,195,1,,58500,293.15,-1.4222,1.2041
20260719T015113Z-d8c32843,20260719T015116Z-b74cc5d5,1,One,243,SI,196,1,,58800,293.15,-1.4222,1.2041
20260719T015113Z-d8c32843,20260719T015116Z-b74cc5d5,1,One,243,SI,197,1,,59100,293.15,-1.4222,1.2041
20260719T015113Z-d8c32843,20260719T015116Z-b74cc5d5,1,One,243,SI,198,1,,59400,293.15,-1.4222,1.2041
20260719T015113Z-d8c32843,20260719T015116Z-b74cc5d5,1,One,243,SI,199,1,,59700,293.15,-1.4222,1.2041
20260719T015113Z-d8c32843,20260719T015116Z-b74cc5d5,1,One,243,SI,200,1,,60000,293.15,-1.4222,1.2041
20260719T015113Z-d8c32843,20260719T015116Z-b74cc5d5,1,One,243,SI,201,1,,60300,293.15,-1.4222,1.2041
20260719T015113Z-d8c32843,20260719T015116Z-b74cc5d5,1,One,243,SI,202,1,,60600,293.15,-1.4222,1.2041
20260719T015113Z-d8c32843,20260719T015116Z-b74cc5d5,1,One,243,SI,203,1,,60900,293.15,-1.4222,1.2041
20260719T015113Z-d8c32843,20260719T015116Z-b74cc5d5,1,One,243,SI,204,1,,61200,293.15,-1.4222,1.2041
20260719T015113Z-d8c32843,20260719T015116Z-b74cc5d5,1,One,243,SI,205,1,,61500,293.15,-1.4222,1.2041
20260719T015113Z-d8c32843,20260719T015116Z-b74cc5d5,1,One,243,SI,206,1,,61800,293.15,-1.4222,1.2041
20260719T015113Z-d8c32843,20260719T015116Z-b74cc5d5,1,One,243,SI,207,1,,62100,293.15,-1.4222,1.2041
20260719T015113Z-d8c32843,20260719T015116Z-b74cc5d5,1,One,243,SI,208,1,,62400,293.15,-1.4222,1.2041
20260719T015113Z-d8c32843,20260719T015116Z-b74cc5d5,1,One,243,SI,209,1,,62700,293.15,-1.4222,1.2041
20260719T015113Z-d8c32843,20260719T015116Z-b74cc5d5,1,One,243,SI,210,1,,63000,293.15,-1.4222,1.2041
20260719T015113Z-d8c32843,20260719T015116Z-b74cc5d5,1,One,243,SI,211,1,,63300,293.15,-1.4222,1.2041
20260719T015113Z-d8c32843,20260719T015116Z-b74cc5d5,1,One,243,SI,212,1,,63600,293.15,-1.4222,1.2041
20260719T015113Z-d8c32843,20260719T015116Z-b74cc5d5,1,One,243,SI,213,1,,63900,293.15,-1.4222,1.2041
20260719T015113Z-d8c32843,20260719T015116Z-b74cc5d5,1,One,243,SI,214,1,,64200,293.15,-1.4222,1.2041
20260719T015113Z-d8c32843,20260719T015116Z-b74cc5d5,1,One,243,SI,215,1,,64500,293.15,-1.4222,1.2041
20260719T015113Z-d8c32843,20260719T015116Z-b74cc5d5,1,One,243,SI,216,1,,64800,293.15,-1.4222,1.2041
20260719T015113Z-d8c32843,20260719T015116Z-b74cc5d5,1,One,243,SI,217,1,,65100,293.15,-1.4222,1.2041
20260719T015113Z-d8c32843,20260719T015116Z-b74cc5d5,1,One,243,SI,218,1,,65400,293.15,-1.4222,1.2041
20260719T015113Z-d8c32843,20260719T015116Z-b74cc5d5,1,One,243,SI,219,1,,65700,293.15,-1.4222,1.2041
20260719T015113Z-d8c32843,20260719T015116Z-b74cc5d5,1,One,243,SI,220,1,,66000,293.15,-1.4222,1.2041
20260719T015113Z-d8c32843,20260719T015116Z-b74cc5d5,1,One,243,SI,221,1,,66300,293.15,-1.4222,1.2041
20260719T015113Z-d8c32843,20260719T015116Z-b74cc5d5,1,One,243,SI,222,1,,66600,293.15,-1.4222,1.2041
20260719T015113Z-d8c32843,20260719T015116Z-b74cc5d5,1,One,243,SI,223,1,,66900,293.15,-1.4222,1.2041
20260719T015113Z-d8c32843,20260719T015116Z-b74cc5d5,1,One,243,SI,224,1,,67200,293.15,-1.4222,1.2041
20260719T015113Z-d8c32843,20260719T015116Z-b74cc5d5,1,One,243,SI,225,1,,67500,293.15,-1.4222,1.2041
20260719T015113Z-d8c32843,20260719T015116Z-b74cc5d5,1,One,243,SI,226,1,,67800,293.15,-1.4222,1.2041
20260719T015113Z-d8c32843,20260719T015116Z-b74cc5d5,1,One,243,SI,227,1,,68100,293.15,-1.4222,1.2041
20260719T015113Z-d8c32843,20260719T015116Z-b74cc5d5,1,One,243,SI,228,1,,68400,293.15,-1.4222,1.2041
20260719T015113Z-d8c32843,20260719T015116Z-b74cc5d5,1,One,243,SI,229,1,,68700,293.15,-1.4222,1.2041
20260719T015113Z-d8c32843,20260719T015116Z-b74cc5d5,1,One,243,SI,230,1,,69000,293.15,-1.4222,1.2041
20260719T015113Z-d8c32843,20260719T015116Z-b74cc5d5,1,One,243,SI,231,1,,69300,293.15,-1.4222,1.2041
20260719T015113Z-d8c32843,20260719T015116Z-b74cc5d5,1,One,243,SI,232,1,,69600,293.15,-1.4222,1.2041
20260719T015113Z-d8c32843,20260719T015116Z-b74cc5d5,1,One,243,SI,233,1,,69900,293.15,-1.4222,1.2041
20260719T015113Z-d8c32843,20260719T015116Z-b74cc5d5,1,One,243,SI,234,1,,70200,293.15,-1.4222,1.2041
20260719T015113Z-d8c32843,20260719T015116Z-b74cc5d5,1,One,243,SI,235,1,,70500,293.15,-1.4222,1.2041
20260719T015113Z-d8c32843,20260719T015116Z-b74cc5d5,1,One,243,SI,236,1,,70800,293.15,-1.4222,1.2041
20260719T015113Z-d8c32843,20260719T015116Z-b74cc5d5,1,One,243,SI,237,1,,71100,293.15,-1.4222,1.2041
20260719T015113Z-d8c32843,20260719T015116Z-b74cc5d5,1,One,243,SI,238,1,,71400,293.15,-1.4222,1.2041
20260719T015113Z-d8c32843,20260719T015116Z-b74cc5d5,1,One,243,SI,239,1,,71700,293.15,-1.4222,1.2041
20260719T015113Z-d8c32843,20260719T015116Z-b74cc5d5,1,One,243,SI,240,1,,72000,293.15,-1.4222,1.2041
20260719T015113Z-d8c32843,20260719T015116Z-b74cc5d5,1,One,243,SI,241,1,,72300,293.15,-1.4222,1.2041
20260719T015113Z-d8c32843,20260719T015116Z-b74cc5d5,1,One,243,SI,242,1,,72600,293.15,-1.4222,1.2041
20260719T015113Z-d8c32843,20260719T015116Z-b74cc5d5,1,One,243,SI,243,1,,72900,293.15,-1.4222,1.2041
20260719T015113Z-d8c32843,20260719T015116Z-b74cc5d5,1,One,243,SI,244,1,,73200,293.15,-1.4222,1.2041
20260719T015113Z-d8c32843,20260719T015116Z-b74cc5d5,1,One,243,SI,245,1,,73500,293.15,-1.4222,1.2041
20260719T015113Z-d8c32843,20260719T015116Z-b74cc5d5,1,One,243,SI,246,1,,73800,293.15,-1.4222,1.2041
20260719T015113Z-d8c32843,20260719T015116Z-b74cc5d5,1,One,243,SI,247,1,,74100,293.15,-1.4222,1.2041
20260719T015113Z-d8c32843,20260719T015116Z-b74cc5d5,1,One,243,SI,248,1,,74400,293.15,-1.4222,1.2041
20260719T015113Z-d8c32843,20260719T015116Z-b74cc5d5,1,One,243,SI,249,1,,74700,293.15,-1.4222,1.2041
20260719T015113Z-d8c32843,20260719T015116Z-b74cc5d5,1,One,243,SI,250,1,,75000,293.15,-1.4222,1.2041
20260719T015113Z-d8c32843,20260719T015116Z-b74cc5d5,1,One,243,SI,251,1,,75300,293.15,-1.4222,1.2041
20260719T015113Z-d8c32843,20260719T015116Z-b74cc5d5,1,One,243,SI,252,1,,75600,293.15,-1.4222,1.2041
20260719T015113Z-d8c32843,20260719T015116Z-b74cc5d5,1,One,243,SI,253,1,,75900,293.15,-1.4222,1.2041
20260719T015113Z-d8c32843,20260719T015116Z-b74cc5d5,1,One,243,SI,254,1,,76200,293.15,-1.4222,1.2041
20260719T015113Z-d8c32843,20260719T015116Z-b74cc5d5,1,One,243,SI,255,1,,76500,293.15,-1.4222,1.2041
20260719T015113Z-d8c32843,20260719T015116Z-b74cc5d5,1,One,243,SI,256,1,,76800,293.15,-1.4222,1.2041
20260719T015113Z-d8c32843,20260719T015116Z-b74cc5d5,1,One,243,SI,257,1,,77100,293.15,-1.4222,1.2041
20260719T015113Z-d8c32843,20260719T015116Z-b74cc5d5,1,One,243,SI,258,1,,77400,293.15,-1.4222,1.2041
20260719T015113Z-d8c32843,20260719T015116Z-b74cc5d5,1,One,243,SI,259,1,,77700,293.15,-1.4222,1.2041
20260719T015113Z-d8c32843,20260719T015116Z-b74cc5d5,1,One,243,SI,260,1,,78000,293.15,-1.4222,1.2041
20260719T015113Z-d8c32843,20260719T015116Z-b74cc5d5,1,One,243,SI,261,1,,78300,293.15,-1.4222,1.2041
20260719T015113Z-d8c32843,20260719T015116Z-b74cc5d5,1,One,243,SI,262,1,,78600,293.15,-1.4222,1.2041
20260719T015113Z-d8c32843,20260719T015116Z-b74cc5d5,1,One,243,SI,263,1,,78900,293.15,-1.4222,1.2041
20260719T015113Z-d8c32843,20260719T015116Z-b74cc5d5,1,One,243,SI,264,1,,79200,293.15,-1.4222,1.2041
20260719T015113Z-d8c32843,20260719T015116Z-b74cc5d5,1,One,243,SI,265,1,,79500,293.15,-1.4222,1.2041
20260719T015113Z-d8c32843,20260719T015116Z-b74cc5d5,1,One,243,SI,266,1,,79800,293.15,-1.4222,1.2041
20260719T015113Z-d8c32843,20260719T015116Z-b74cc5d5,1,One,243,SI,267,1,,80100,293.15,-1.4222,1.2041
20260719T015113Z-d8c32843,20260719T015116Z-b74cc5d5,1,One,243,SI,268,1,,80400,293.15,-1.4222,1.2041
20260719T015113Z-d8c32843,20260719T015116Z-b74cc5d5,1,One,243,SI,269,1,,80700,293.15,-1.4222,1.2041
20260719T015113Z-d8c32843,20260719T015116Z-b74cc5d5,1,One,243,SI,270,1,,81000,293.15,-1.4222,1.2041
20260719T015113Z-d8c32843,20260719T015116Z-b74cc5d5,1,One,243,SI,271,1,,81300,293.15,-1.4222,1.2041
20260719T015113Z-d8c32843,20260719T015116Z-b74cc5d5,1,One,243,SI,272,1,,81600,293.15,-1.4222,1.2041
20260719T015113Z-d8c32843,20260719T015116Z-b74cc5d5,1,One,243,SI,273,1,,81900,293.15,-1.4222,1.2041
20260719T015113Z-d8c32843,20260719T015116Z-b74cc5d5,1,One,243,SI,274,1,,82200,293.15,-1.4222,1.2041
20260719T015113Z-d8c32843,20260719T015116Z-b74cc5d5,1,One,243,SI,275,1,,82500,293.15,-1.4222,1.2041
20260719T015113Z-d8c32843,20260719T015116Z-b74cc5d5,1,One,243,SI,276,1,,82800,293.15,-1.4222,1.2041
20260719T015113Z-d8c32843,20260719T015116Z-b74cc5d5,1,One,243,SI,277,1,,83100,293.15,-1.4222,1.2041
20260719T015113Z-d8c32843,20260719T015116Z-b74cc5d5,1,One,243,SI,278,1,,83400,293.15,-1.4222,1.2041
20260719T015113Z-d8c32843,20260719T015116Z-b74cc5d5,1,One,243,SI,279,1,,83700,293.15,-1.4222,1.2041
20260719T015113Z-d8c32843,20260719T015116Z-b74cc5d5,1,One,243,SI,280,1,,84000,293.15,-1.4222,1.2041
20260719T015113Z-d8c32843,20260719T015116Z-b74cc5d5,1,One,243,SI,281,1,,84300,293.15,-1.4222,1.2041
20260719T015113Z-d8c32843,20260719T015116Z-b74cc5d5,1,One,243,SI,282,1,,84600,293.15,-1.4222,1.2041
20260719T015113Z-d8c32843,20260719T015116Z-b74cc5d5,1,One,243,SI,283,1,,84900,293.15,-1.4222,1.2041
20260719T015113Z-d8c32843,20260719T015116Z-b74cc5d5,1,One,243,SI,284,1,,85200,293.15,-1.4222,1.2041
20260719T015113Z-d8c32843,20260719T015116Z-b74cc5d5,1,One,243,SI,285,1,,85500,293.15,-1.4222,1.2041
20260719T015113Z-d8c32843,20260719T015116Z-b74cc5d5,1,One,243,SI,286,1,,85800,293.15,-1.4222,1.2041
20260719T015113Z-d8c32843,20260719T015116Z-b74cc5d5,1,One,243,SI,287,1,,86100,293.15,-1.4222,1.2041
20260719T015113Z-d8c32843,20260719T015116Z-b74cc5d5,1,One,243,SI,288,1,,86400,293.15,-1.4222,1.2041
20260719T015113Z-d8c32843,20260719T015116Z-b74cc5d5,1,One,243,SI,289,2,,86700,293.15,-1.4222,1.2041
20260719T015113Z-d8c32843,20260719T015116Z-b74cc5d5,1,One,243,SI,290,2,,87000,293.15,-1.4222,1.2041
20260719T015113Z-d8c32843,20260719T015116Z-b74cc5d5,1,One,243,SI,291,2,,87300,293.15,-1.4222,1.2041
20260719T015113Z-d8c32843,20260719T015116Z-b74cc5d5,1,One,243,SI,292,2,,87600,293.15,-1.4222,1.2041
20260719T015113Z-d8c32843,20260719T015116Z-b74cc5d5,1,One,243,SI,293,2,,87900,293.15,-1.4222,1.2041
20260719T015113Z-d8c32843,20260719T015116Z-b74cc5d5,1,One,243,SI,294,2,,88200,293.15,-1.4222,1.2041
20260719T015113Z-d8c32843,20260719T015116Z-b74cc5d5,1,One,243,SI,295,2,,88500,293.15,-1.4222,1.2041
20260719T015113Z-d8c32843,20260719T015116Z-b74cc5d5,1,One,243,SI,296,2,,88800,293.15,-1.4222,1.2041
20260719T015113Z-d8c32843,20260719T015116Z-b74cc5d5,1,One,243,SI,297,2,,89100,293.15,-1.4222,1.2041
20260719T015113Z-d8c32843,20260719T015116Z-b74cc5d5,1,One,243,SI,298,2,,89400,293.15,-1.4222,1.2041
20260719T015113Z-d8c32843,20260719T015116Z-b74cc5d5,1,One,243,SI,299,2,,89700,293.15,-1.4222,1.2041
20260719T015113Z-d8c32843,20260719T015116Z-b74cc5d5,1,One,243,SI,300,2,,90000,293.15,-1.4222,1.2041
20260719T015113Z-d8c32843,20260719T015116Z-b74cc5d5,1,One,243,SI,301,2,,90300,293.15,-1.4222,1.2041
20260719T015113Z-d8c32843,20260719T015116Z-b74cc5d5,1,One,243,SI,302,2,,90600,293.15,-1.4222,1.2041
20260719T015113Z-d8c32843,20260719T015116Z-b74cc5d5,1,One,243,SI,303,2,,90900,293.15,-1.4222,1.2041
20260719T015113Z-d8c32843,20260719T015116Z-b74cc5d5,1,One,243,SI,304,2,,91200,293.15,-1.4222,1.2041
20260719T015113Z-d8c32843,20260719T015116Z-b74cc5d5,1,One,243,SI,305,2,,91500,293.15,-1.4222,1.2041
20260719T015113Z-d8c32843,20260719T015116Z-b74cc5d5,1,One,243,SI,306,2,,91800,293.15,-1.4222,1.2041
20260719T015113Z-d8c32843,20260719T015116Z-b74cc5d5,1,One,243,SI,307,2,,92100,293.15,-1.4222,1.2041
20260719T015113Z-d8c32843,20260719T015116Z-b74cc5d5,1,One,243,SI,308,2,,92400,293.15,-1.4222,1.2041
20260719T015113Z-d8c32843,20260719T015116Z-b74cc5d5,1,One,243,SI,309,2,,92700,293.15,-1.4222,1.2041
20260719T015113Z-d8c32843,20260719T015116Z-b74cc5d5,1,One,243,SI,310,2,,93000,293.15,-1.4222,1.2041
20260719T015113Z-d8c32843,20260719T015116Z-b74cc5d5,1,One,243,SI,311,2,,93300,293.15,-1.4222,1.2041
20260719T015113Z-d8c32843,20260719T015116Z-b74cc5d5,1,One,243,SI,312,2,,93600,293.15,-1.4222,1.2041
20260719T015113Z-d8c32843,20260719T015116Z-b74cc5d5,1,One,243,SI,313,2,,93900,293.15,-1.4222,1.2041
20260719T015113Z-d8c32843,20260719T015116Z-b74cc5d5,1,One,243,SI,314,2,,94200,293.15,-1.4222,1.2041
20260719T015113Z-d8c32843,20260719T015116Z-b74cc5d5,1,One,243,SI,315,2,,94500,293.15,-1.4222,1.2041
20260719T015113Z-d8c32843,20260719T015116Z-b74cc5d5,1,One,243,SI,316,2,,94800,293.15,-1.4222,1.2041
20260719T015113Z-d8c32843,20260719T015116Z-b74cc5d5,1,One,243,SI,317,2,,95100,293.15,-1.4222,1.2041
20260719T015113Z-d8c32843,20260719T015116Z-b74cc5d5,1,One,243,SI,318,2,,95400,293.15,-1.4222,1.2041
20260719T015113Z-d8c32843,20260719T015116Z-b74cc5d5,1,One,243,SI,319,2,,95700,293.15,-1.4222,1.2041
20260719T015113Z-d8c32843,20260719T015116Z-b74cc5d5,1,One,243,SI,320,2,,96000,293.15,-1.4222,1.2041
20260719T015113Z-d8c32843,20260719T015116Z-b74cc5d5,1,One,243,SI,321,2,,96300,293.15,-1.4222,1.2041
20260719T015113Z-d8c32843,20260719T015116Z-b74cc5d5,1,One,243,SI,322,2,,96600,293.15,-1.4222,1.2041
20260719T015113Z-d8c32843,20260719T015116Z-b74cc5d5,1,One,243,SI,323,2,,96900,293.15,-1.4222,1.2041
20260719T015113Z-d8c32843,20260719T015116Z-b74cc5d5,1,One,243,SI,324,2,,97200,293.15,-1.4222,1.2041
20260719T015113Z-d8c32843,20260719T015116Z-b74cc5d5,1,One,243,SI,325,2,,97500,293.15,-1.4222,1.2041
20260719T015113Z-d8c32843,20260719T015116Z-b74cc5d5,1,One,243,SI,326,2,,97800,293.15,-1.4222,1.2041
20260719T015113Z-d8c32843,20260719T015116Z-b74cc5d5,1,One,243,SI,327,2,,98100,293.15,-1.4222,1.2041
20260719T015113Z-d8c32843,20260719T015116Z-b74cc5d5,1,One,243,SI,328,2,,98400,293.15,-1.4222,1.2041
20260719T015113Z-d8c32843,20260719T015116Z-b74cc5d5,1,One,243,SI,329,2,,98700,293.15,-1.4222,1.2041
20260719T015113Z-d8c32843,20260719T015116Z-b74cc5d5,1,One,243,SI,330,2,,99000,293.15,-1.4222,1.2041
20260719T015113Z-d8c32843,20260719T015116Z-b74cc5d5,1,One,243,SI,331,2,,99300,293.15,-1.4222,1.2041
20260719T015113Z-d8c32843,20260719T015116Z-b74cc5d5,1,One,243,SI,332,2,,99600,293.15,-1.4222,1.2041
20260719T015113Z-d8c32843,20260719T015116Z-b74cc5d5,1,One,243,SI,333,2,,99900,293.15,-1.4222,1.2041
20260719T015113Z-d8c32843,20260719T015116Z-b74cc5d5,1,One,243,SI,334,2,,100200,293.15,-1.4222,1.2041
20260719T015113Z-d8c32843,20260719T015116Z-b74cc5d5,1,One,243,SI,335,2,,100500,293.15,-1.4222,1.2041
20260719T015113Z-d8c32843,20260719T015116Z-b74cc5d5,1,One,243,SI,336,2,,100800,293.15,-1.4222,1.2041
20260719T015113Z-d8c32843,20260719T015116Z-b74cc5d5,1,One,243,SI,337,2,,101100,293.15,-1.4222,1.2041
20260719T015113Z-d8c32843,20260719T015116Z-b74cc5d5,1,One,243,SI,338,2,,101400,293.15,-1.4222,1.2041
20260719T015113Z-d8c32843,20260719T015116Z-b74cc5d5,1,One,243,SI,339,2,,101700,293.15,-1.4222,1.2041
20260719T015113Z-d8c32843,20260719T015116Z-b74cc5d5,1,One,243,SI,340,2,,102000,293.15,-1.4222,1.2041
20260719T015113Z-d8c32843,20260719T015116Z-b74cc5d5,1,One,243,SI,341,2,,102300,293.15,-1.4222,1.2041
20260719T015113Z-d8c32843,20260719T015116Z-b74cc5d5,1,One,243,SI,342,2,,102600,293.15,-1.4222,1.2041
20260719T015113Z-d8c32843,20260719T015116Z-b74cc5d5,1,One,243,SI,343,2,,102900,293.15,-1.4222,1.2041
20260719T015113Z-d8c32843,20260719T015116Z-b74cc5d5,1,One,243,SI,344,2,,103200,293.15,-1.4222,1.2041
20260719T015113Z-d8c32843,20260719T015116Z-b74cc5d5,1,One,243,SI,345,2,,103500,293.15,-1.4222,1.2041
20260719T015113Z-d8c32843,20260719T015116Z-b74cc5d5,1,One,243,SI,346,2,,103800,293.15,-1.4222,1.2041
20260719T015113Z-d8c32843,20260719T015116Z-b74cc5d5,1,One,243,SI,347,2,,104100,293.15,-1.4222,1.2041
20260719T015113Z-d8c32843,20260719T015116Z-b74cc5d5,1,One,243,SI,348,2,,104400,293.15,-1.4222,1.2041
20260719T015113Z-d8c32843,20260719T015116Z-b74cc5d5,1,One,243,SI,349,2,,104700,293.15,-1.4222,1.2041
20260719T015113Z-d8c32843,20260719T015116Z-b74cc5d5,1,One,243,SI,350,2,,105000,293.15,-1.4222,1.2041
20260719T015113Z-d8c32843,20260719T015116Z-b74cc5d5,1,One,243,SI,351,2,,105300,293.15,-1.4222,1.2041
20260719T015113Z-d8c32843,20260719T015116Z-b74cc5d5,1,One,243,SI,352,2,,105600,293.15,-1.4222,1.2041
20260719T015113Z-d8c32843,20260719T015116Z-b74cc5d5,1,One,243,SI,353,2,,105900,293.15,-1.4222,1.2041
20260719T015113Z-d8c32843,20260719T015116Z-b74cc5d5,1,One,243,SI,354,2,,106200,293.15,-1.4222,1.2041
20260719T015113Z-d8c32843,20260719T015116Z-b74cc5d5,1,One,243,SI,355,2,,106500,293.15,-1.4222,1.2041
20260719T015113Z-d8c32843,20260719T015116Z-b74cc5d5,1,One,243,SI,356,2,,106800,293.15,-1.4222,1.2041
20260719T015113Z-d8c32843,20260719T015116Z-b74cc5d5,1,One,243,SI,357,2,,107100,293.15,-1.4222,1.2041
20260719T015113Z-d8c32843,20260719T015116Z-b74cc5d5,1,One,243,SI,358,2,,107400,293.15,-1.4222,1.2041
20260719T015113Z-d8c32843,20260719T015116Z-b74cc5d5,1,One,243,SI,359,2,,107700,293.15,-1.4222,1.2041
20260719T015113Z-d8c32843,20260719T015116Z-b74cc5d5,1,One,243,SI,360,2,,108000,293.15,-1.4222,1.2041
20260719T015113Z-d8c32843,20260719T015116Z-b74cc5d5,1,One,243,SI,361,2,,108300,293.15,-1.4222,1.2041
20260719T015113Z-d8c32843,20260719T015116Z-b74cc5d5,1,One,243,SI,362,2,,108600,293.15,-1.4222,1.2041
20260719T015113Z-d8c32843,20260719T015116Z-b74cc5d5,1,One,243,SI,363,2,,108900,293.15,-1.4222,1.2041
20260719T015113Z-d8c32843,20260719T015116Z-b74cc5d5,1,One,243,SI,364,2,,109200,293.15,-1.4222,1.2041
20260719T015113Z-d8c32843,20260719T015116Z-b74cc5d5,1,One,243,SI,365,2,,109500,293.15,-1.4222,1.2041
20260719T015113Z-d8c32843,20260719T015116Z-b74cc5d5,1,One,243,SI,366,2,,109800,293.15,-1.4222,1.2041
20260719T015113Z-d8c32843,20260719T015116Z-b74cc5d5,1,One,243,SI,367,2,,110100,293.15,-1.4222,1.2041
20260719T015113Z-d8c32843,20260719T015116Z-b74cc5d5,1,One,243,SI,368,2,,110400,293.15,-1.4222,1.2041
20260719T015113Z-d8c32843,20260719T015116Z-b74cc5d5,1,One,243,SI,369,2,,110700,293.15,-1.4222,1.2041
20260719T015113Z-d8c32843,20260719T015116Z-b74cc5d5,1,One,243,SI,370,2,,111000,293.15,-1.4222,1.2041
20260719T015113Z-d8c32843,20260719T015116Z-b74cc5d5,1,One,243,SI,371,2,,111300,293.15,-1.4222,1.2041
20260719T015113Z-d8c32843,20260719T015116Z-b74cc5d5,1,One,243,SI,372,2,,111600,293.15,-1.4222,1.2041
20260719T015113Z-d8c32843,20260719T015116Z-b74cc5d5,1,One,243,SI,373,2,,111900,293.15,-1.4222,1.2041
20260719T015113Z-d8c32843,20260719T015116Z-b74cc5d5,1,One,243,SI,374,2,,112200,293.15,-1.4222,1.2041
20260719T015113Z-d8c32843,20260719T015116Z-b74cc5d5,1,One,243,SI,375,2,,112500,293.15,-1.4222,1.2041
20260719T015113Z-d8c32843,20260719T015116Z-b74cc5d5,1,One,243,SI,376,2,,112800,293.15,-1.4222,1.2041
20260719T015113Z-d8c32843,20260719T015116Z-b74cc5d5,1,One,243,SI,377,2,,113100,293.15,-1.4222,1.2041
20260719T015113Z-d8c32843,20260719T015116Z-b74cc5d5,1,One,243,SI,378,2,,113400,293.15,-1.4222,1.2041
20260719T015113Z-d8c32843,20260719T015116Z-b74cc5d5,1,One,243,SI,379,2,,113700,293.15,-1.4222,1.2041
20260719T015113Z-d8c32843,20260719T015116Z-b74cc5d5,1,One,243,SI,380,2,,114000,293.15,-1.4222,1.2041
20260719T015113Z-d8c32843,20260719T015116Z-b74cc5d5,1,One,243,SI,381,2,,114300,293.15,-1.4222,1.2041
20260719T015113Z-d8c32843,20260719T015116Z-b74cc5d5,1,One,243,SI,382,2,,114600,293.15,-1.4222,1.2041
20260719T015113Z-d8c32843,20260719T015116Z-b74cc5d5,1,One,243,SI,383,2,,114900,293.15,-1.4222,1.2041
20260719T015113Z-d8c32843,20260719T015116Z-b74cc5d5,1,One,243,SI,384,2,,115200,293.15,-1.4222,1.2041
20260719T015113Z-d8c32843,20260719T015116Z-b74cc5d5,1,One,243,SI,385,2,,115500,293.15,-1.4222,1.2041
20260719T015113Z-d8c32843,20260719T015116Z-b74cc5d5,1,One,243,SI,386,2,,115800,293.15,-1.4222,1.2041
20260719T015113Z-d8c32843,20260719T015116Z-b74cc5d5,1,One,243,SI,387,2,,116100,293.15,-1.4222,1.2041
20260719T015113Z-d8c32843,20260719T015116Z-b74cc5d5,1,One,243,SI,388,2,,116400,293.15,-1.4222,1.2041
20260719T015113Z-d8c32843,20260719T015116Z-b74cc5d5,1,One,243,SI,389,2,,116700,293.15,-1.4222,1.2041
20260719T015113Z-d8c32843,20260719T015116Z-b74cc5d5,1,One,243,SI,390,2,,117000,293.15,-1.4222,1.2041
20260719T015113Z-d8c32843,20260719T015116Z-b74cc5d5,1,One,243,SI,391,2,,117300,293.15,-1.4222,1.2041
20260719T015113Z-d8c32843,20260719T015116Z-b74cc5d5,1,One,243,SI,392,2,,117600,293.15,-1.4222,1.2041
20260719T015113Z-d8c32843,20260719T015116Z-b74cc5d5,1,One,243,SI,393,2,,117900,293.15,-1.4222,1.2041
20260719T015113Z-d8c32843,20260719T015116Z-b74cc5d5,1,One,243,SI,394,2,,118200,293.15,-1.4222,1.2041
20260719T015113Z-d8c32843,20260719T015116Z-b74cc5d5,1,One,243,SI,395,2,,118500,293.15,-1.4222,1.2041
20260719T015113Z-d8c32843,20260719T015116Z-b74cc5d5,1,One,243,SI,396,2,,118800,293.15,-1.4222,1.2041
20260719T015113Z-d8c32843,20260719T015116Z-b74cc5d5,1,One,243,SI,397,2,,119100,293.15,-1.4222,1.2041
20260719T015113Z-d8c32843,20260719T015116Z-b74cc5d5,1,One,243,SI,398,2,,119400,293.15,-1.4222,1.2041
20260719T015113Z-d8c32843,20260719T015116Z-b74cc5d5,1,One,243,SI,399,2,,119700,293.15,-1.4222,1.2041
20260719T015113Z-d8c32843,20260719T015116Z-b74cc5d5,1,One,243,SI,400,2,,120000,293.15,-1.4222,1.2041
20260719T015113Z-d8c32843,20260719T015116Z-b74cc5d5,1,One,243,SI,401,2,,120300,293.15,-1.4222,1.2041
20260719T015113Z-d8c32843,20260719T015116Z-b74cc5d5,1,One,243,SI,402,2,,120600,293.15,-1.4222,1.2041
20260719T015113Z-d8c32843,20260719T015116Z-b74cc5d5,1,One,243,SI,403,2,,120900,293.15,-1.4222,1.2041
20260719T015113Z-d8c32843,20260719T015116Z-b74cc5d5,1,One,243,SI,404,2,,121200,293.15,-1.4222,1.2041
20260719T015113Z-d8c32843,20260719T015116Z-b74cc5d5,1,One,243,SI,405,2,,121500,293.15,-1.4222,1.2041
20260719T015113Z-d8c32843,20260719T015116Z-b74cc5d5,1,One,243,SI,406,2,,121800,293.15,-1.4222,1.2041
20260719T015113Z-d8c32843,20260719T015116Z-b74cc5d5,1,One,243,SI,407,2,,122100,293.15,-1.4222,1.2041
20260719T015113Z-d8c32843,20260719T015116Z-b74cc5d5,1,One,243,SI,408,2,,122400,293.15,-1.4222,1.2041
20260719T015113Z-d8c32843,20260719T015116Z-b74cc5d5,1,One,243,SI,409,2,,122700,293.15,-1.4222,1.2041
20260719T015113Z-d8c32843,20260719T015116Z-b74cc5d5,1,One,243,SI,410,2,,123000,293.15,-1.4222,1.2041
20260719T015113Z-d8c32843,20260719T015116Z-b74cc5d5,1,One,243,SI,411,2,,123300,293.15,-1.4222,1.2041
20260719T015113Z-d8c32843,20260719T015116Z-b74cc5d5,1,One,243,SI,412,2,,123600,293.15,-1.4222,1.2041
20260719T015113Z-d8c32843,20260719T015116Z-b74cc5d5,1,One,243,SI,413,2,,123900,293.15,-1.4222,1.2041
20260719T015113Z-d8c32843,20260719T015116Z-b74cc5d5,1,One,243,SI,414,2,,124200,293.15,-1.4222,1.2041
20260719T015113Z-d8c32843,20260719T015116Z-b74cc5d5,1,One,243,SI,415,2,,124500,293.15,-1.4222,1.2041
20260719T015113Z-d8c32843,20260719T015116Z-b74cc5d5,1,One,243,SI,416,2,,124800,293.15,-1.4222,1.2041
20260719T015113Z-d8c32843,20260719T015116Z-b74cc5d5,1,One,243,SI,417,2,,125100,293.15,-1.4222,1.2041
20260719T015113Z-d8c32843,20260719T015116Z-b74cc5d5,1,One,243,SI,418,2,,125400,293.15,-1.4222,1.2041
20260719T015113Z-d8c32843,20260719T015116Z-b74cc5d5,1,One,243,SI,419,2,,125700,293.15,-1.4222,1.2041
20260719T015113Z-d8c32843,20260719T015116Z-b74cc5d5,1,One,243,SI,420,2,,126000,293.15,-1.4222,1.2041
20260719T015113Z-d8c32843,20260719T015116Z-b74cc5d5,1,One,243,SI,421,2,,126300,293.15,-1.4222,1.2041
20260719T015113Z-d8c32843,20260719T015116Z-b74cc5d5,1,One,243,SI,422,2,,126600,293.15,-1.4222,1.2041
20260719T015113Z-d8c32843,20260719T015116Z-b74cc5d5,1,One,243,SI,423,2,,126900,293.15,-1.4222,1.2041
20260719T015113Z-d8c32843,20260719T015116Z-b74cc5d5,1,One,243,SI,424,2,,127200,293.15,-1.4222,1.2041
20260719T015113Z-d8c32843,20260719T015116Z-b74cc5d5,1,One,243,SI,425,2,,127500,293.15,-1.4222,1.2041
20260719T015113Z-d8c32843,20260719T015116Z-b74cc5d5,1,One,243,SI,426,2,,127800,293.15,-1.4222,1.2041
20260719T015113Z-d8c32843,20260719T015116Z-b74cc5d5,1,One,243,SI,427,2,,128100,293.15,-1.4222,1.2041
20260719T015113Z-d8c32843,20260719T015116Z-b74cc5d5,1,One,243,SI,428,2,,128400,293.15,-1.4222,1.2041
20260719T015113Z-d8c32843,20260719T015116Z-b74cc5d5,1,One,243,SI,429,2,,128700,293.15,-1.4222,1.2041
20260719T015113Z-d8c32843,20260719T015116Z-b74cc5d5,1,One,243,SI,430,2,,129000,293.15,-1.4222,1.2041
20260719T015113Z-d8c32843,20260719T015116Z-b74cc5d5,1,One,243,SI,431,2,,129300,293.15,-1.4222,1.2041
20260719T015113Z-d8c32843,20260719T015116Z-b74cc5d5,1,One,243,SI,432,2,,129600,293.15,-1.4222,1.2041
20260719T015113Z-d8c32843,20260719T015116Z-b74cc5d5,1,One,243,SI,433,2,,129900,293.15,-1.4222,1.2041
20260719T015113Z-d8c32843,20260719T015116Z-b74cc5d5,1,One,243,SI,434,2,,130200,293.15,-1.4222,1.2041
20260719T015113Z-d8c32843,20260719T015116Z-b74cc5d5,1,One,243,SI,435,2,,130500,293.15,-1.4222,1.2041
20260719T015113Z-d8c32843,20260719T015116Z-b74cc5d5,1,One,243,SI,436,2,,130800,293.15,-1.4222,1.2041
20260719T015113Z-d8c32843,20260719T015116Z-b74cc5d5,1,One,243,SI,437,2,,131100,293.15,-1.4222,1.2041
20260719T015113Z-d8c32843,20260719T015116Z-b74cc5d5,1,One,243,SI,438,2,,131400,293.15,-1.4222,1.2041
20260719T015113Z-d8c32843,20260719T015116Z-b74cc5d5,1,One,243,SI,439,2,,131700,293.15,-1.4222,1.2041
20260719T015113Z-d8c32843,20260719T015116Z-b74cc5d5,1,One,243,SI,440,2,,132000,293.15,-1.4222,1.2041
20260719T015113Z-d8c32843,20260719T015116Z-b74cc5d5,1,One,243,SI,441,2,,132300,293.15,-1.4222,1.2041
20260719T015113Z-d8c32843,20260719T015116Z-b74cc5d5,1,One,243,SI,442,2,,132600,293.15,-1.4222,1.2041
20260719T015113Z-d8c32843,20260719T015116Z-b74cc5d5,1,One,243,SI,443,2,,132900,293.15,-1.4222,1.2041
20260719T015113Z-d8c32843,20260719T015116Z-b74cc5d5,1,One,243,SI,444,2,,133200,293.15,-1.4222,1.2041
20260719T015113Z-d8c32843,20260719T015116Z-b74cc5d5,1,One,243,SI,445,2,,133500,293.15,-1.4222,1.2041
20260719T015113Z-d8c32843,20260719T015116Z-b74cc5d5,1,One,243,SI,446,2,,133800,293.15,-1.4222,1.2041
20260719T015113Z-d8c32843,20260719T015116Z-b74cc5d5,1,One,243,SI,447,2,,134100,293.15,-1.4222,1.2041
20260719T015113Z-d8c32843,20260719T015116Z-b74cc5d5,1,One,243,SI,448,2,,134400,293.15,-1.4222,1.2041
20260719T015113Z-d8c32843,20260719T015116Z-b74cc5d5,1,One,243,SI,449,2,,134700,293.15,-1.4222,1.2041
20260719T015113Z-d8c32843,20260719T015116Z-b74cc5d5,1,One,243,SI,450,2,,135000,293.15,-1.4222,1.2041
20260719T015113Z-d8c32843,20260719T015116Z-b74cc5d5,1,One,243,SI,451,2,,135300,293.15,-1.4222,1.2041
20260719T015113Z-d8c32843,20260719T015116Z-b74cc5d5,1,One,243,SI,452,2,,135600,293.15,-1.4222,1.2041
20260719T015113Z-d8c32843,20260719T015116Z-b74cc5d5,1,One,243,SI,453,2,,135900,293.15,-1.4222,1.2041
20260719T015113Z-d8c32843,20260719T015116Z-b74cc5d5,1,One,243,SI,454,2,,136200,293.15,-1.4222,1.2041
20260719T015113Z-d8c32843,20260719T015116Z-b74cc5d5,1,One,243,SI,455,2,,136500,293.15,-1.4222,1.2041
20260719T015113Z-d8c32843,20260719T015116Z-b74cc5d5,1,One,243,SI,456,2,,136800,293.15,-1.4222,1.2041
20260719T015113Z-d8c32843,20260719T015116Z-b74cc5d5,1,One,243,SI,457,2,,137100,293.15,-1.4222,1.2041
20260719T015113Z-d8c32843,20260719T015116Z-b74cc5d5,1,One,243,SI,458,2,,137400,293.15,-1.4222,1.2041
20260719T015113Z-d8c32843,20260719T015116Z-b74cc5d5,1,One,243,SI,459,2,,137700,293.15,-1.4222,1.2041
20260719T015113Z-d8c32843,20260719T015116Z-b74cc5d5,1,One,243,SI,460,2,,138000,293.15,-1.4222,1.2041
20260719T015113Z-d8c32843,20260719T015116Z-b74cc5d5,1,One,243,SI,461,2,,138300,293.15,-1.4222,1.2041
20260719T015113Z-d8c32843,20260719T015116Z-b74cc5d5,1,One,243,SI,462,2,,138600,293.15,-1.4222,1.2041
20260719T015113Z-d8c32843,20260719T015116Z-b74cc5d5,1,One,243,SI,463,2,,138900,293.15,-1.4222,1.2041
20260719T015113Z-d8c32843,20260719T015116Z-b74cc5d5,1,One,243,SI,464,2,,139200,293.15,-1.4222,1.2041
20260719T015113Z-d8c32843,20260719T015116Z-b74cc5d5,1,One,243,SI,465,2,,139500,293.15,-1.4222,1.2041
20260719T015113Z-d8c32843,20260719T015116Z-b74cc5d5,1,One,243,SI,466,2,,139800,293.15,-1.4222,1.2041
20260719T015113Z-d8c32843,20260719T015116Z-b74cc5d5,1,One,243,SI,467,2,,140100,293.15,-1.4222,1.2041
20260719T015113Z-d8c32843,20260719T015116Z-b74cc5d5,1,One,243,SI,468,2,,140400,293.15,-1.4222,1.2041
20260719T015113Z-d8c32843,20260719T015116Z-b74cc5d5,1,One,243,SI,469,2,,140700,293.15,-1.4222,1.2041
20260719T015113Z-d8c32843,20260719T015116Z-b74cc5d5,1,One,243,SI,470,2,,141000,293.15,-1.4222,1.2041
20260719T015113Z-d8c32843,20260719T015116Z-b74cc5d5,1,One,243,SI,471,2,,141300,293.15,-1.4222,1.2041
20260719T015113Z-d8c32843,20260719T015116Z-b74cc5d5,1,One,243,SI,472,2,,141600,293.15,-1.4222,1.2041
20260719T015113Z-d8c32843,20260719T015116Z-b74cc5d5,1,One,243,SI,473,2,,141900,293.15,-1.4222,1.2041
20260719T015113Z-d8c32843,20260719T015116Z-b74cc5d5,1,One,243,SI,474,2,,142200,293.15,-1.4222,1.2041
20260719T015113Z-d8c32843,20260719T015116Z-b74cc5d5,1,One,243,SI,475,2,,142500,293.15,-1.4222,1.2041
20260719T015113Z-d8c32843,20260719T015116Z-b74cc5d5,1,One,243,SI,476,2,,142800,293.15,-1.4222,1.2041
20260719T015113Z-d8c32843,20260719T015116Z-b74cc5d5,1,One,243,SI,477,2,,143100,293.15,-1.4222,1.2041
20260719T015113Z-d8c32843,20260719T015116Z-b74cc5d5,1,One,243,SI,478,2,,143400,293.15,-1.4222,1.2041
20260719T015113Z-d8c32843,20260719T015116Z-b74cc5d5,1,One,243,SI,479,2,,143700,293.15,-1.4222,1.2041
20260719T015113Z-d8c32843,20260719T015116Z-b74cc5d5,1,One,243,SI,480,2,,144000,293.15,-1.4222,1.2041
20260719T015113Z-d8c32843,20260719T015116Z-b74cc5d5,1,One,243,SI,481,2,,144300,293.15,-1.4222,1.2041
20260719T015113Z-d8c32843,20260719T015116Z-b74cc5d5,1,One,243,SI,482,2,,144600,293.15,-1.4222,1.2041
20260719T015113Z-d8c32843,20260719T015116Z-b74cc5d5,1,One,243,SI,483,2,,144900,293.15,-1.4222,1.2041
20260719T015113Z-d8c32843,20260719T015116Z-b74cc5d5,1,One,243,SI,484,2,,145200,293.15,-1.4222,1.2041
20260719T015113Z-d8c32843,20260719T015116Z-b74cc5d5,1,One,243,SI,485,2,,145500,293.15,-1.4222,1.2041
20260719T015113Z-d8c32843,20260719T015116Z-b74cc5d5,1,One,243,SI,486,2,,145800,293.15,-1.4222,1.2041
20260719T015113Z-d8c32843,20260719T015116Z-b74cc5d5,1,One,243,SI,487,2,,146100,293.15,-1.4222,1.2041
20260719T015113Z-d8c32843,20260719T015116Z-b74cc5d5,1,One,243,SI,488,2,,146400,293.15,-1.4222,1.2041
20260719T015113Z-d8c32843,20260719T015116Z-b74cc5d5,1,One,243,SI,489,2,,146700,293.15,-1.4222,1.2041
20260719T015113Z-d8c32843,20260719T015116Z-b74cc5d5,1,One,243,SI,490,2,,147000,293.15,-1.4222,1.2041
20260719T015113Z-d8c32843,20260719T015116Z-b74cc5d5,1,One,243,SI,491,2,,147300,293.15,-1.4222,1.2041
20260719T015113Z-d8c32843,20260719T015116Z-b74cc5d5,1,One,243,SI,492,2,,147600,293.15,-1.4222,1.2041
20260719T015113Z-d8c32843,20260719T015116Z-b74cc5d5,1,One,243,SI,493,2,,147900,293.15,-1.4222,1.2041
20260719T015113Z-d8c32843,20260719T015116Z-b74cc5d5,1,One,243,SI,494,2,,148200,293.15,-1.4222,1.2041
20260719T015113Z-d8c32843,20260719T015116Z-b74cc5d5,1,One,243,SI,495,2,,148500,293.15,-1.4222,1.2041
20260719T015113Z-d8c32843,20260719T015116Z-b74cc5d5,1,One,243,SI,496,2,,148800,293.15,-1.4222,1.2041
20260719T015113Z-d8c32843,20260719T015116Z-b74cc5d5,1,One,243,SI,497,2,,149100,293.15,-1.4222,1.2041
20260719T015113Z-d8c32843,20260719T015116Z-b74cc5d5,1,One,243,SI,498,2,,149400,293.15,-1.4222,1.2041
20260719T015113Z-d8c32843,20260719T015116Z-b74cc5d5,1,One,243,SI,499,2,,149700,293.15,-1.4222,1.2041
20260719T015113Z-d8c32843,20260719T015116Z-b74cc5d5,1,One,243,SI,500,2,,150000,293.15,-1.4222,1.2041
20260719T015113Z-d8c32843,20260719T015116Z-b74cc5d5,1,One,243,SI,501,2,,150300,293.15,-1.4222,1.2041
20260719T015113Z-d8c32843,20260719T015116Z-b74cc5d5,1,One,243,SI,502,2,,150600,293.15,-1.4222,1.2041
20260719T015113Z-d8c32843,20260719T015116Z-b74cc5d5,1,One,243,SI,503,2,,150900,293.15,-1.4222,1.2041
20260719T015113Z-d8c32843,20260719T015116Z-b74cc5d5,1,One,243,SI,504,2,,151200,293.15,-1.4222,1.2041
20260719T015113Z-d8c32843,20260719T015116Z-b74cc5d5,1,One,243,SI,505,2,,151500,293.15,-1.4222,1.2041
20260719T015113Z-d8c32843,20260719T015116Z-b74cc5d5,1,One,243,SI,506,2,,151800,293.15,-1.4222,1.2041
20260719T015113Z-d8c32843,20260719T015116Z-b74cc5d5,1,One,243,SI,507,2,,152100,293.15,-1.4222,1.2041
20260719T015113Z-d8c32843,20260719T015116Z-b74cc5d5,1,One,243,SI,508,2,,152400,293.15,-1.4222,1.2041
20260719T015113Z-d8c32843,20260719T015116Z-b74cc5d5,1,One,243,SI,509,2,,152700,293.15,-1.4222,1.2041
20260719T015113Z-d8c32843,20260719T015116Z-b74cc5d5,1,One,243,SI,510,2,,153000,293.15,-1.4222,1.2041
20260719T015113Z-d8c32843,20260719T015116Z-b74cc5d5,1,One,243,SI,511,2,,153300,293.15,-1.4222,1.2041
20260719T015113Z-d8c32843,20260719T015116Z-b74cc5d5,1,One,243,SI,512,2,,153600,293.15,-1.4222,1.2041
20260719T015113Z-d8c32843,20260719T015116Z-b74cc5d5,1,One,243,SI,513,2,,153900,293.15,-1.4222,1.2041
20260719T015113Z-d8c32843,20260719T015116Z-b74cc5d5,1,One,243,SI,514,2,,154200,293.15,-1.4222,1.2041
20260719T015113Z-d8c32843,20260719T015116Z-b74cc5d5,1,One,243,SI,515,2,,154500,293.15,-1.4222,1.2041
20260719T015113Z-d8c32843,20260719T015116Z-b74cc5d5,1,One,243,SI,516,2,,154800,293.15,-1.4222,1.2041
20260719T015113Z-d8c32843,20260719T015116Z-b74cc5d5,1,One,243,SI,517,2,,155100,293.15,-1.4222,1.2041
20260719T015113Z-d8c32843,20260719T015116Z-b74cc5d5,1,One,243,SI,518,2,,155400,293.15,-1.4222,1.2041
20260719T015113Z-d8c32843,20260719T015116Z-b74cc5d5,1,One,243,SI,519,2,,155700,293.15,-1.4222,1.2041
20260719T015113Z-d8c32843,20260719T015116Z-b74cc5d5,1,One,243,SI,520,2,,156000,293.15,-1.4222,1.2041
20260719T015113Z-d8c32843,20260719T015116Z-b74cc5d5,1,One,243,SI,521,2,,156300,293.15,-1.4222,1.2041
20260719T015113Z-d8c32843,20260719T015116Z-b74cc5d5,1,One,243,SI,522,2,,156600,293.15,-1.4222,1.2041
20260719T015113Z-d8c32843,20260719T015116Z-b74cc5d5,1,One,243,SI,523,2,,156900,293.15,-1.4222,1.2041
20260719T015113Z-d8c32843,20260719T015116Z-b74cc5d5,1,One,243,SI,524,2,,157200,293.15,-1.4222,1.2041
20260719T015113Z-d8c32843,20260719T015116Z-b74cc5d5,1,One,243,SI,525,2,,157500,293.15,-1.4222,1.2041
20260719T015113Z-d8c32843,20260719T015116Z-b74cc5d5,1,One,243,SI,526,2,,157800,293.15,-1.4222,1.2041
20260719T015113Z-d8c32843,20260719T015116Z-b74cc5d5,1,One,243,SI,527,2,,158100,293.15,-1.4222,1.2041
20260719T015113Z-d8c32843,20260719T015116Z-b74cc5d5,1,One,243,SI,528,2,,158400,293.15,-1.4222,1.2041
20260719T015113Z-d8c32843,20260719T015116Z-b74cc5d5,1,One,243,SI,529,2,,158700,293.15,-1.4222,1.2041
20260719T015113Z-d8c32843,20260719T015116Z-b74cc5d5,1,One,243,SI,530,2,,159000,293.15,-1.4222,1.2041
20260719T015113Z-d8c32843,20260719T015116Z-b74cc5d5,1,One,243,SI,531,2,,159300,293.15,-1.4222,1.2041
20260719T015113Z-d8c32843,20260719T015116Z-b74cc5d5,1,One,243,SI,532,2,,159600,293.15,-1.4222,1.2041
20260719T015113Z-d8c32843,20260719T015116Z-b74cc5d5,1,One,243,SI,533,2,,159900,293.15,-1.4222,1.2041
20260719T015113Z-d8c32843,20260719T015116Z-b74cc5d5,1,One,243,SI,534,2,,160200,293.15,-1.4222,1.2041
20260719T015113Z-d8c32843,20260719T015116Z-b74cc5d5,1,One,243,SI,535,2,,160500,293.15,-1.4222,1.2041
20260719T015113Z-d8c32843,20260719T015116Z-b74cc5d5,1,One,243,SI,536,2,,160800,293.15,-1.4222,1.2041
20260719T015113Z-d8c32843,20260719T015116Z-b74cc5d5,1,One,243,SI,537,2,,161100,293.15,-1.4222,1.2041
20260719T015113Z-d8c32843,20260719T015116Z-b74cc5d5,1,One,243,SI,538,2,,161400,293.15,-1.4222,1.2041
20260719T015113Z-d8c32843,20260719T015116Z-b74cc5d5,1,One,243,SI,539,2,,161700,293.15,-1.4222,1.2041
20260719T015113Z-d8c32843,20260719T015116Z-b74cc5d5,1,One,243,SI,540,2,,162000,293.15,-1.4222,1.2041
20260719T015113Z-d8c32843,20260719T015116Z-b74cc5d5,1,One,243,SI,541,2,,162300,293.15,-1.4222,1.2041
20260719T015113Z-d8c32843,20260719T015116Z-b74cc5d5,1,One,243,SI,542,2,,162600,293.15,-1.4222,1.2041
20260719T015113Z-d8c32843,20260719T015116Z-b74cc5d5,1,One,243,SI,543,2,,162900,293.15,-1.4222,1.2041
20260719T015113Z-d8c32843,20260719T015116Z-b74cc5d5,1,One,243,SI,544,2,,163200,293.15,-1.4222,1.2041
20260719T015113Z-d8c32843,20260719T015116Z-b74cc5d5,1,One,243,SI,545,2,,163500,293.15,-1.4222,1.2041
20260719T015113Z-d8c32843,20260719T015116Z-b74cc5d5,1,One,243,SI,546,2,,163800,293.15,-1.4222,1.2041
20260719T015113Z-d8c32843,20260719T015116Z-b74cc5d5,1,One,243,SI,547,2,,164100,293.15,-1.4222,1.2041
20260719T015113Z-d8c32843,20260719T015116Z-b74cc5d5,1,One,243,SI,548,2,,164400,293.15,-1.4222,1.2041
20260719T015113Z-d8c32843,20260719T015116Z-b74cc5d5,1,One,243,SI,549,2,,164700,293.15,-1.4222,1.2041
20260719T015113Z-d8c32843,20260719T015116Z-b74cc5d5,1,One,243,SI,550,2,,165000,293.15,-1.4222,1.2041
20260719T015113Z-d8c32843,20260719T015116Z-b74cc5d5,1,One,243,SI,551,2,,165300,293.15,-1.4222,1.2041
20260719T015113Z-d8c32843,20260719T015116Z-b74cc5d5,1,One,243,SI,552,2,,165600,293.15,-1.4222,1.2041
20260719T015113Z-d8c32843,20260719T015116Z-b74cc5d5,1,One,243,SI,553,2,,165900,293.15,-1.4222,1.2041
20260719T015113Z-d8c32843,20260719T015116Z-b74cc5d5,1,One,243,SI,554,2,,166200,293.15,-1.4222,1.2041
20260719T015113Z-d8c32843,20260719T015116Z-b74cc5d5,1,One,243,SI,555,2,,166500,293.15,-1.4222,1.2041
20260719T015113Z-d8c32843,20260719T015116Z-b74cc5d5,1,One,243,SI,556,2,,166800,293.15,-1.4222,1.2041
20260719T015113Z-d8c32843,20260719T015116Z-b74cc5d5,1,One,243,SI,557,2,,167100,293.15,-1.4222,1.2041
20260719T015113Z-d8c32843,20260719T015116Z-b74cc5d5,1,One,243,SI,558,2,,167400,293.15,-1.4222,1.2041
20260719T015113Z-d8c32843,20260719T015116Z-b74cc5d5,1,One,243,SI,559,2,,167700,293.15,-1.4222,1.2041
20260719T015113Z-d8c32843,20260719T015116Z-b74cc5d5,1,One,243,SI,560,2,,168000,293.15,-1.4222,1.2041
20260719T015113Z-d8c32843,20260719T015116Z-b74cc5d5,1,One,243,SI,561,2,,168300,293.15,-1.4222,1.2041
20260719T015113Z-d8c32843,20260719T015116Z-b74cc5d5,1,One,243,SI,562,2,,168600,293.15,-1.4222,1.2041
20260719T015113Z-d8c32843,20260719T015116Z-b74cc5d5,1,One,243,SI,563,2,,168900,293.15,-1.4222,1.2041
20260719T015113Z-d8c32843,20260719T015116Z-b74cc5d5,1,One,243,SI,564,2,,169200,293.15,-1.4222,1.2041
20260719T015113Z-d8c32843,20260719T015116Z-b74cc5d5,1,One,243,SI,565,2,,169500,293.15,-1.4222,1.2041
20260719T015113Z-d8c32843,20260719T015116Z-b74cc5d5,1,One,243,SI,566,2,,169800,293.15,-1.4222,1.2041
20260719T015113Z-d8c32843,20260719T015116Z-b74cc5d5,1,One,243,SI,567,2,,170100,293.15,-1.4222,1.2041
20260719T015113Z-d8c32843,20260719T015116Z-b74cc5d5,1,One,243,SI,568,2,,170400,293.15,-1.4222,1.2041
20260719T015113Z-d8c32843,20260719T015116Z-b74cc5d5,1,One,243,SI,569,2,,170700,293.15,-1.4222,1.2041
20260719T015113Z-d8c32843,20260719T015116Z-b74cc5d5,1,One,243,SI,570,2,,171000,293.15,-1.4222,1.2041
20260719T015113Z-d8c32843,20260719T015116Z-b74cc5d5,1,One,243,SI,571,2,,171300,293.15,-1.4222,1.2041
20260719T015113Z-d8c32843,20260719T015116Z-b74cc5d5,1,One,243,SI,572,2,,171600,293.15,-1.4222,1.2041
20260719T015113Z-d8c32843,20260719T015116Z-b74cc5d5,1,One,243,SI,573,2,,171900,293.15,-1.4222,1.2041
20260719T015113Z-d8c32843,20260719T015116Z-b74cc5d5,1,One,243,SI,574,2,,172200,293.15,-1.4222,1.2041
20260719T015113Z-d8c32843,20260719T015116Z-b74cc5d5,1,One,243,SI,575,2,,172500,293.15,-1.4222,1.2041
20260719T015113Z-d8c32843,20260719T015116Z-b74cc5d5,1,One,243,SI,576,2,,172800,293.15,-1.4222,1.2041
